{
  "train_loss": [
    897.9373046875,
    883.5646240234375,
    852.3831787109375,
    789.111767578125,
    687.9004028320312,
    570.3604125976562,
    453.1025085449219,
    342.4621215820313,
    244.40070190429688,
    164.39020080566405,
    98.59447174072265,
    49.94747428894043,
    14.208465385437012,
    6.086227226257324,
    10.248083114624023,
    9.0978515625,
    5.481520366668701,
    5.303411674499512,
    5.086562061309815,
    6.492556190490722,
    4.63260064125061,
    4.4152405738830565,
    4.354920053482056,
    4.994303035736084,
    4.779723882675171,
    4.123007965087891,
    5.189398765563965,
    4.461062431335449,
    4.341673898696899,
    3.6915868282318116,
    3.5419679164886473,
    4.037099885940552,
    4.236658525466919,
    5.324412059783936,
    3.384588098526001,
    4.1476846694946286,
    4.114803886413574,
    3.894745111465454,
    3.812540817260742,
    4.171254634857178,
    4.059947204589844,
    4.802186393737793,
    4.231536436080932,
    3.6742133617401125,
    3.929603862762451,
    4.752356672286988,
    4.330226993560791,
    4.400133275985718,
    4.189095449447632,
    3.652500772476196,
    4.382343769073486,
    3.359392833709717,
    4.055463171005249,
    4.22628264427185,
    3.9169119358062745,
    4.212731742858887,
    4.796789026260376,
    3.2747241497039794,
    4.406757926940918,
    4.231565332412719,
    4.0405113697052,
    3.7385910987854003,
    3.555275011062622,
    3.731418418884277,
    3.7603567600250245,
    4.241915559768676,
    4.359678506851196,
    4.2442749500274655,
    4.499238538742065,
    3.8243674278259276,
    4.152128887176514,
    3.9649890422821046,
    3.6821033000946044,
    3.849553871154785,
    3.9420468330383303,
    3.6017908573150637,
    4.338903379440308,
    4.618243169784546,
    3.9781229496002197,
    4.433264541625976,
    3.205702543258667,
    3.9485316276550293,
    4.0157102108001705,
    3.9275919437408446,
    3.2010709285736083,
    3.9719003200531007,
    4.068875885009765,
    4.7609435558319095,
    3.928073215484619,
    4.650038433074951,
    4.121009016036988,
    3.952667713165283,
    3.7572646617889403,
    3.655605173110962,
    4.275205588340759,
    4.056817197799683,
    4.806119108200074,
    3.84423246383667,
    4.073059320449829,
    4.742680263519287
  ],
  "val_loss": [
    891.0020751953125,
    869.029052734375,
    819.3203125,
    732.7835083007812,
    618.9391479492188,
    497.880615234375,
    384.4500732421875,
    282.9680480957031,
    193.26651763916016,
    117.32601547241211,
    58.36842727661133,
    18.41314697265625,
    0.9768399000167847,
    3.7740060091018677,
    4.118932723999023,
    0.7178136706352234,
    1.2299240827560425,
    0.7291379868984222,
    0.46885816752910614,
    0.35390646755695343,
    0.5144018232822418,
    0.38511914014816284,
    0.9235819876194,
    0.40869157016277313,
    0.7176291644573212,
    0.4094590097665787,
    0.4164765328168869,
    0.4113919883966446,
    0.3634304404258728,
    0.5468178689479828,
    0.5719404816627502,
    0.34015919268131256,
    0.3449748158454895,
    0.3519846796989441,
    0.3439175635576248,
    0.3622442036867142,
    0.4426090568304062,
    0.5387516915798187,
    0.3490969091653824,
    0.3677389621734619,
    0.3555842936038971,
    0.35398267209529877,
    0.5048425644636154,
    0.4966838210821152,
    0.37839919328689575,
    0.34040820598602295,
    0.4012073874473572,
    0.36087891459465027,
    0.3665069192647934,
    0.4978954643011093,
    0.45077750086784363,
    0.3626134842634201,
    0.35739196836948395,
    0.4301610141992569,
    0.40448254346847534,
    0.3976282626390457,
    0.39188405871391296,
    0.37115834653377533,
    0.37514686584472656,
    0.3612273335456848,
    0.34727632999420166,
    0.3481488823890686,
    0.3543522357940674,
    0.3504640460014343,
    0.36586427688598633,
    0.37393760681152344,
    0.3786102533340454,
    0.3837130069732666,
    0.37328246235847473,
    0.36193250119686127,
    0.36024026572704315,
    0.37345635890960693,
    0.3852866590023041,
    0.4023669362068176,
    0.3888491839170456,
    0.3686293363571167,
    0.3628414273262024,
    0.3562098741531372,
    0.35373465716838837,
    0.34714242815971375,
    0.3433835953474045,
    0.344280868768692,
    0.34737372398376465,
    0.3451073169708252,
    0.3419147878885269,
    0.33922576904296875,
    0.33802080154418945,
    0.33938124775886536,
    0.34104712307453156,
    0.34055280685424805,
    0.33978335559368134,
    0.3378365635871887,
    0.3380599170923233,
    0.34030404686927795,
    0.34422481060028076,
    0.34627948701381683,
    0.34303684532642365,
    0.34131941199302673,
    0.3429991900920868,
    0.34619082510471344
  ],
  "learning_rate": [
    0.001,
    0.001,
    0.001,
    0.001,
    0.001,
    0.001,
    0.001,
    0.001,
    0.001,
    0.001,
    0.001,
    0.001,
    0.001,
    0.001,
    0.001,
    0.001,
    0.001,
    0.001,
    0.001,
    0.001,
    0.001,
    0.001,
    0.001,
    0.001,
    0.001,
    0.001,
    0.001,
    0.001,
    0.001,
    0.001,
    0.0005,
    0.0005,
    0.0005,
    0.0005,
    0.0005,
    0.0005,
    0.0005,
    0.0005,
    0.0005,
    0.0005,
    0.0005,
    0.0005,
    0.00025,
    0.00025,
    0.00025,
    0.00025,
    0.00025,
    0.00025,
    0.00025,
    0.00025,
    0.00025,
    0.00025,
    0.00025,
    0.000125,
    0.000125,
    0.000125,
    0.000125,
    0.000125,
    0.000125,
    0.000125,
    0.000125,
    0.000125,
    0.000125,
    0.000125,
    6.25e-05,
    6.25e-05,
    6.25e-05,
    6.25e-05,
    6.25e-05,
    6.25e-05,
    6.25e-05,
    6.25e-05,
    6.25e-05,
    6.25e-05,
    6.25e-05,
    3.125e-05,
    3.125e-05,
    3.125e-05,
    3.125e-05,
    3.125e-05,
    3.125e-05,
    3.125e-05,
    3.125e-05,
    3.125e-05,
    3.125e-05,
    3.125e-05,
    3.125e-05,
    3.125e-05,
    3.125e-05,
    3.125e-05,
    3.125e-05,
    3.125e-05,
    3.125e-05,
    3.125e-05,
    3.125e-05,
    3.125e-05,
    3.125e-05,
    3.125e-05,
    3.125e-05,
    3.125e-05
  ]
}