timepoint,n_cells,P_median,D_median
D11,50661,0.15468966960906982,0.02608007751405239
D30,50169,0.0,0.11223378032445908
D52,60754,0.04248843714594841,0.07468295842409134
