{
  "train_loss": [
    0.6378437680276957,
    0.6281344551931728,
    0.6210420991886746,
    0.6155786405910145,
    0.6166795471852476,
    0.616427246819843,
    0.6102787899700078,
    0.6171948557550256,
    0.6091026230291887,
    0.6154394481669773,
    0.6141162345355208,
    0.6120854501019825,
    0.6090045862577178,
    0.6135179962624203,
    0.6091162616556342,
    0.6047248447483237,
    0.6059951944784685,
    0.605878084897995,
    0.6044032099572095,
    0.6190956146879629,
    0.6044749780134722,
    0.6044364923780615,
    0.608907478776845,
    0.6082633232528513,
    0.6072926345196638,
    0.621978379108689,
    0.6140593222596429,
    0.6155168922110037,
    0.6055299443277445,
    0.6121159859678962,
    0.6048696447502483,
    0.6055580682375215,
    0.6113902912898497,
    0.6057186153802004,
    0.6038791090250015,
    0.6059809137474407,
    0.60420823097229,
    0.6101245419545607,
    0.6056083528832956,
    0.6047383702614091,
    0.6040820323608138,
    0.6102838746526025,
    0.6064348776232112,
    0.6048296493562785,
    0.6094955029812726,
    0.6039450656283986,
    0.6055989373813976,
    0.601068758151748,
    0.6045957695354115,
    0.603715293109417,
    0.6057097559625452,
    0.6031372912905433,
    0.6041481772607024,
    0.6057350439104167,
    0.6028070883317427,
    0.6035003289580345,
    0.6029185435988687,
    0.6051398353143171,
    0.6043001277880236,
    0.6058963977477767,
    0.604304126040502,
    0.6033699404109608,
    0.611704097552733,
    0.6063880195671861,
    0.6059539812532339,
    0.6003079441460696,
    0.6044151125983759,
    0.601738378405571,
    0.6034875884652138,
    0.6034121770750392,
    0.6030268560756337,
    0.6035919717767022,
    0.6043878807262941,
    0.6078908497636969,
    0.6034209423444488,
    0.6072613617235963,
    0.6023777587847277,
    0.6024840819564733,
    0.6027924506501718,
    0.6031318381428719,
    0.6016553938388824,
    0.6085127178918232,
    0.6036997552622448,
    0.604788067665967,
    0.6039977954192595,
    0.6020943244749849,
    0.6049926050684669,
    0.6020219854333184,
    0.6068177277391608,
    0.603446786376563,
    0.6053054772994735,
    0.6059298332441937,
    0.6043448360128836,
    0.6020673703063618,
    0.6012530706145547,
    0.6023395488207991,
    0.6034519631754268,
    0.6017830507321791,
    0.6058837039904161,
    0.602918032895435
  ],
  "val_loss": [
    0.5821271657943725,
    0.5722250878810883,
    0.5785213828086853,
    0.5670497953891754,
    0.5840779542922974,
    0.5743417799472809,
    0.5706969738006592,
    0.5658198773860932,
    0.5840748012065887,
    0.566987544298172,
    0.5651807487010956,
    0.5827737629413605,
    0.5664587557315827,
    0.5589417099952698,
    0.5639270305633545,
    0.5663401842117309,
    0.577645355463028,
    0.5744900941848755,
    0.57118901014328,
    0.5676127254962922,
    0.5641651153564453,
    0.5588835537433624,
    0.5723871409893035,
    0.5600095450878143,
    0.5639247417449951,
    0.5566783666610717,
    0.5620203375816345,
    0.5558825850486755,
    0.5711967051029205,
    0.5575908601284028,
    0.5601660370826721,
    0.5734557509422302,
    0.5584499359130859,
    0.5583781182765961,
    0.5574078977108001,
    0.566909259557724,
    0.5563874006271362,
    0.5610336542129517,
    0.563433563709259,
    0.5593277871608734,
    0.5571212947368622,
    0.5597958922386169,
    0.5562408864498138,
    0.5566271066665649,
    0.5618906140327453,
    0.55827956199646,
    0.5636951267719269,
    0.5577259540557862,
    0.558983439207077,
    0.5583928167819977,
    0.5565698862075805,
    0.5593591272830963,
    0.5575427770614624,
    0.5584217548370362,
    0.5582735121250153,
    0.5613850772380828,
    0.5575027883052825,
    0.5572149753570557,
    0.5590671002864838,
    0.5589174628257751,
    0.5575603544712067,
    0.5575059354305267,
    0.5586760818958283,
    0.5571384191513061,
    0.5572631061077118,
    0.5588306903839111,
    0.5583636164665222,
    0.5578821301460266,
    0.5580103099346161,
    0.5577904999256134,
    0.5589069366455078,
    0.5582660257816314,
    0.5578494489192962,
    0.5581417500972747,
    0.5576472699642181,
    0.5584491848945617,
    0.5573027670383454,
    0.5580576300621033,
    0.5574387013912201,
    0.5579354584217071,
    0.5579824149608612,
    0.5577035009860992,
    0.55791836977005,
    0.5576451241970062,
    0.5574128568172455,
    0.5573558151721955,
    0.5577552378177643,
    0.5576123058795929,
    0.5578299164772034,
    0.557867419719696,
    0.5577622592449188,
    0.5579042494297027,
    0.5579577565193177,
    0.5576424121856689,
    0.5576968967914582,
    0.5576650440692902,
    0.5576248884201049,
    0.5576016247272492,
    0.5577193260192871,
    0.5576163589954376
  ],
  "learning_rate": [
    0.001,
    0.001,
    0.001,
    0.001,
    0.001,
    0.001,
    0.001,
    0.001,
    0.001,
    0.001,
    0.001,
    0.001,
    0.001,
    0.001,
    0.001,
    0.001,
    0.001,
    0.001,
    0.001,
    0.001,
    0.001,
    0.001,
    0.001,
    0.001,
    0.001,
    0.001,
    0.001,
    0.001,
    0.001,
    0.001,
    0.001,
    0.001,
    0.001,
    0.001,
    0.001,
    0.001,
    0.001,
    0.001,
    0.0005,
    0.0005,
    0.0005,
    0.0005,
    0.0005,
    0.0005,
    0.0005,
    0.0005,
    0.0005,
    0.0005,
    0.0005,
    0.00025,
    0.00025,
    0.00025,
    0.00025,
    0.00025,
    0.00025,
    0.00025,
    0.00025,
    0.00025,
    0.00025,
    0.00025,
    0.000125,
    0.000125,
    0.000125,
    0.000125,
    0.000125,
    0.000125,
    0.000125,
    0.000125,
    0.000125,
    0.000125,
    0.000125,
    6.25e-05,
    6.25e-05,
    6.25e-05,
    6.25e-05,
    6.25e-05,
    6.25e-05,
    6.25e-05,
    6.25e-05,
    6.25e-05,
    6.25e-05,
    6.25e-05,
    3.125e-05,
    3.125e-05,
    3.125e-05,
    3.125e-05,
    3.125e-05,
    3.125e-05,
    3.125e-05,
    3.125e-05,
    3.125e-05,
    3.125e-05,
    3.125e-05,
    1.5625e-05,
    1.5625e-05,
    1.5625e-05,
    1.5625e-05,
    1.5625e-05,
    1.5625e-05,
    1.5625e-05
  ]
}