{
  "train_loss": [
    893.288103376116,
    868.8684605189732,
    801.7955496651786,
    680.7328316824777,
    540.0933009556362,
    404.85900442940846,
    277.74116952078685,
    166.13424028669084,
    79.58320345197406,
    23.718874999455043,
    7.6093795640128,
    10.721688134329659,
    6.944795540400913,
    5.976972171238491,
    5.160418782915388,
    4.428679057529995,
    4.744981442178998,
    4.475762844085693,
    5.146315949303763,
    4.360634786742074,
    4.735172612326486,
    6.031178712844849,
    5.462201731545584,
    4.64892315864563,
    4.186128105436053,
    4.700771161488125,
    4.739790405545916,
    4.796683754239764,
    4.88671966961452,
    4.594193833214896,
    5.409122160502842,
    4.933757509504046,
    4.243119852883475,
    4.113956247057233,
    4.266472441809518,
    3.9619548320770264,
    4.932242665972028,
    5.242458309446063,
    5.138113124029977,
    5.619005339486258,
    5.032410894121442,
    4.69046231678554,
    5.414508376802717,
    4.822259698595319,
    5.110799278531756,
    4.220069510596139,
    4.015106405530657,
    4.41375960622515,
    4.40568607194083,
    4.423056159700666,
    4.115924767085484,
    4.138101935386658,
    4.600795745849609,
    4.794382504054478,
    5.402640274592808,
    4.15303407396589,
    4.891872576304844,
    4.5927205085754395,
    4.72394677570888,
    4.598068680082049,
    5.118679625647409,
    4.761496509824481,
    4.917474951062884,
    3.811096634183611,
    4.670038155147007,
    4.070840120315552,
    5.009509563446045,
    4.206679514476231,
    4.673004933765957,
    4.614966460636684,
    4.854018586022513,
    5.8198306901114325,
    4.905385119574411,
    4.984461545944214,
    4.290537221091134,
    4.256727014269147,
    5.055206094469343,
    5.585114887782505,
    4.149760893412998,
    5.752173015049526,
    4.785445894513812,
    3.870328630719866,
    4.699336290359497,
    4.397742101124355,
    5.3795856067112515,
    4.903571741921561,
    4.569854634148734,
    5.061511175973075,
    4.890234129769461,
    5.132556165967669,
    4.595612730298724,
    5.1596097605569025,
    4.651211500167847,
    4.728460720607212,
    5.821526425225394,
    4.474456139973232,
    4.779781307492938,
    4.689549582345145,
    4.5030907562800815,
    4.2627646923065186
  ],
  "val_loss": [
    117710264960.0,
    117709909158.3583,
    117708882601.69382,
    117707404026.16287,
    117705709043.07492,
    117703849938.97069,
    117701856645.4202,
    117699685691.20522,
    117697296742.56677,
    117694712004.37785,
    117692736519.08795,
    117693072151.34854,
    117694275948.40392,
    117694097741.96742,
    117693803985.71986,
    117693879792.57329,
    117693940567.557,
    117693920714.21498,
    117693938347.36156,
    117693682537.0684,
    117693864228.27362,
    117694100674.7101,
    117693861714.55374,
    117693782844.0391,
    117693977873.5114,
    117693940567.557,
    117693904222.22801,
    117694019538.97069,
    117693864244.11726,
    117693901595.51791,
    117694040251.62215,
    117694038053.94136,
    117693963089.30293,
    117693960465.09447,
    117693977812.2215,
    117693899048.443,
    117693940615.08795,
    117694079086.90553,
    117693963120.15636,
    117693901995.36156,
    117693903882.42345,
    117694118993.30293,
    117694059948.61238,
    117693920680.443,
    117693764609.66776,
    117693780527.53094,
    117693903818.21498,
    117693982575.73941,
    117693977809.71986,
    117693921012.74268,
    117693879517.39413,
    117693821058.91856,
    117693859150.8013,
    117693879770.8925,
    117693884278.82736,
    117693884278.82736,
    117693879517.39413,
    117693881849.329,
    117693938362.78827,
    117693961226.8404,
    117693999745.25081,
    117693960566.82736,
    117693901361.1987,
    117693884278.82736,
    117693899283.59608,
    117693901995.36156,
    117693921276.66449,
    117693940567.557,
    117693940284.87297,
    117693923464.33876,
    117693923333.83713,
    117693938056.33876,
    117693921283.33551,
    117693938115.12703,
    117693942849.04234,
    117693942763.15309,
    117693942842.78827,
    117693957808.78175,
    117693958285.75896,
    117693943139.23128,
    117693943023.73941,
    117693942849.04234,
    117693960453.83713,
    117693960563.49185,
    117693960879.94788,
    117693963086.8013,
    117693963112.65146,
    117693962907.93486,
    117693960970.00652,
    117693958359.97394,
    117693957802.94463,
    117693957808.78175,
    117693957836.71661,
    117693960563.49185,
    117693960915.38762,
    117693960970.00652,
    117693961198.4886,
    117693960915.80457,
    117693960868.27362,
    117693960563.49185
  ],
  "learning_rate": [
    0.001,
    0.001,
    0.001,
    0.001,
    0.001,
    0.001,
    0.001,
    0.001,
    0.001,
    0.001,
    0.001,
    0.001,
    0.001,
    0.001,
    0.001,
    0.001,
    0.001,
    0.001,
    0.001,
    0.0005,
    0.0005,
    0.0005,
    0.0005,
    0.0005,
    0.0005,
    0.0005,
    0.0005,
    0.0005,
    0.0005,
    0.0005,
    0.00025,
    0.00025,
    0.00025,
    0.00025,
    0.00025,
    0.00025,
    0.00025,
    0.00025,
    0.00025,
    0.00025,
    0.00025,
    0.000125,
    0.000125,
    0.000125,
    0.000125,
    0.000125,
    0.000125,
    0.000125,
    0.000125,
    0.000125,
    0.000125,
    0.000125,
    6.25e-05,
    6.25e-05,
    6.25e-05,
    6.25e-05,
    6.25e-05,
    6.25e-05,
    6.25e-05,
    6.25e-05,
    6.25e-05,
    6.25e-05,
    6.25e-05,
    3.125e-05,
    3.125e-05,
    3.125e-05,
    3.125e-05,
    3.125e-05,
    3.125e-05,
    3.125e-05,
    3.125e-05,
    3.125e-05,
    3.125e-05,
    3.125e-05,
    1.5625e-05,
    1.5625e-05,
    1.5625e-05,
    1.5625e-05,
    1.5625e-05,
    1.5625e-05,
    1.5625e-05,
    1.5625e-05,
    1.5625e-05,
    1.5625e-05,
    1.5625e-05,
    7.8125e-06,
    7.8125e-06,
    7.8125e-06,
    7.8125e-06,
    7.8125e-06,
    7.8125e-06,
    7.8125e-06,
    7.8125e-06,
    7.8125e-06,
    7.8125e-06,
    7.8125e-06,
    3.90625e-06,
    3.90625e-06,
    3.90625e-06,
    3.90625e-06
  ]
}