{
  "train_loss": [
    830.5150390625,
    728.9158569335938,
    621.3359619140625,
    504.34226684570314,
    381.5993347167969,
    261.45103454589844,
    154.5998275756836,
    67.4552619934082,
    13.970468854904174,
    3.340789818763733,
    4.528894424438477,
    2.431528663635254,
    1.833808708190918,
    1.5289751529693603,
    1.876057744026184,
    1.6354115724563598,
    1.6303017377853393,
    1.6340009450912476,
    1.3395007610321046,
    1.3662609100341796,
    1.472633457183838,
    1.6312123537063599,
    1.2716564416885376,
    1.4853731393814087,
    1.2689727306365968,
    1.3447113513946534,
    1.4569883584976195,
    1.3714076042175294,
    1.4800704956054687,
    1.2774188280105592,
    1.494966161251068,
    1.3833701252937316,
    1.306662929058075,
    1.3252952575683594,
    1.0547516465187072,
    1.2300482034683227,
    1.229147982597351,
    1.1305023670196532,
    1.2545042514801026,
    1.1332069158554077,
    1.2486144185066224,
    1.120833957195282,
    1.3106369256973267,
    1.2109550714492798,
    1.3840056777000427,
    1.0730259418487549,
    1.2364143252372741,
    1.1585002541542053,
    1.1747159004211425,
    1.1869763016700745,
    1.2055883288383484,
    1.1663218021392823,
    1.155079734325409,
    1.157441210746765,
    1.1074547290802002,
    1.2031229257583618,
    1.218005657196045,
    1.1364153385162354,
    1.1294132471084595,
    1.1242645025253295,
    1.0648308038711547,
    1.0444967150688171,
    1.0966839075088501,
    1.2381577730178832,
    1.2324334263801575,
    1.191474235057831,
    1.1207743406295776,
    1.1443488359451295,
    1.3170981884002686,
    1.2671964645385743,
    1.1273504495620728,
    1.220421814918518,
    1.516941237449646,
    1.1670793771743775,
    1.2604813694953918,
    1.2721774101257324,
    1.169988751411438,
    1.2696796298027038,
    1.262504470348358,
    1.220262098312378,
    1.1389144778251648,
    1.1283737301826477,
    1.2681627988815307,
    1.162532591819763,
    1.1509954929351807,
    1.132596743106842,
    1.205496871471405,
    1.1255376815795899,
    1.1771824359893799,
    1.2204131841659547,
    1.1597230315208436,
    1.102653682231903,
    1.109075915813446,
    1.2023946046829224,
    1.1688634514808656,
    1.1667691469192505,
    1.121485960483551,
    1.2572067022323608,
    1.132185125350952,
    1.148207664489746
  ],
  "val_loss": [
    763.54052734375,
    661.4610290527344,
    546.6452941894531,
    423.96934509277344,
    301.8956756591797,
    188.1441650390625,
    91.982421875,
    24.818294525146484,
    0.2993100956082344,
    3.3868051767349243,
    1.764050006866455,
    2.1671003103256226,
    0.2739705294370651,
    0.25677473843097687,
    1.7255743145942688,
    0.532757580280304,
    0.5061331391334534,
    1.0943153500556946,
    0.2918103039264679,
    0.6903221905231476,
    1.2594498991966248,
    0.5513082146644592,
    0.3177066743373871,
    0.3748786747455597,
    1.5231504440307617,
    0.2087128683924675,
    1.2031900882720947,
    0.2753426432609558,
    1.5422120094299316,
    0.26828062534332275,
    1.1961520314216614,
    0.3686179667711258,
    0.911413311958313,
    0.5180436223745346,
    0.6898342669010162,
    0.5785138309001923,
    0.23497062921524048,
    0.8864838778972626,
    0.5868570804595947,
    0.258687861263752,
    0.927927702665329,
    0.29754964262247086,
    0.4457457363605499,
    0.5552826523780823,
    0.8499229252338409,
    0.30808694660663605,
    0.34247566759586334,
    0.7159152328968048,
    0.382610946893692,
    0.5561496019363403,
    0.6752089262008667,
    0.4768228381872177,
    0.3008444011211395,
    0.5035010725259781,
    0.9914372861385345,
    0.6944878399372101,
    0.3953709155321121,
    0.5172346979379654,
    0.5365458279848099,
    0.5018141120672226,
    0.5168042629957199,
    0.5287762582302094,
    0.5759292542934418,
    0.6402809917926788,
    0.6232523620128632,
    0.4943634271621704,
    0.4990570992231369,
    0.5255837738513947,
    0.5435198247432709,
    0.41810834407806396,
    0.44935551285743713,
    0.5295651108026505,
    0.5022696703672409,
    0.5768136382102966,
    0.6271621286869049,
    0.6106370091438293,
    0.5515623688697815,
    0.5903299748897552,
    0.5201976001262665,
    0.46230456233024597,
    0.4742790162563324,
    0.4937874525785446,
    0.4867328852415085,
    0.47271931171417236,
    0.4290943145751953,
    0.41836558282375336,
    0.4175756573677063,
    0.4548615664243698,
    0.4615253508090973,
    0.4598138779401779,
    0.4416498690843582,
    0.44712041318416595,
    0.47304248809814453,
    0.48899559676647186,
    0.47570447623729706,
    0.4624064415693283,
    0.45622414350509644,
    0.4519321322441101,
    0.45583999156951904,
    0.47035740315914154
  ],
  "learning_rate": [
    0.001,
    0.001,
    0.001,
    0.001,
    0.001,
    0.001,
    0.001,
    0.001,
    0.001,
    0.001,
    0.001,
    0.001,
    0.001,
    0.001,
    0.001,
    0.001,
    0.001,
    0.001,
    0.001,
    0.001,
    0.001,
    0.001,
    0.001,
    0.001,
    0.0005,
    0.0005,
    0.0005,
    0.0005,
    0.0005,
    0.0005,
    0.0005,
    0.0005,
    0.0005,
    0.0005,
    0.0005,
    0.0005,
    0.00025,
    0.00025,
    0.00025,
    0.00025,
    0.00025,
    0.00025,
    0.00025,
    0.00025,
    0.00025,
    0.00025,
    0.00025,
    0.000125,
    0.000125,
    0.000125,
    0.000125,
    0.000125,
    0.000125,
    0.000125,
    0.000125,
    0.000125,
    0.000125,
    0.000125,
    6.25e-05,
    6.25e-05,
    6.25e-05,
    6.25e-05,
    6.25e-05,
    6.25e-05,
    6.25e-05,
    6.25e-05,
    6.25e-05,
    6.25e-05,
    6.25e-05,
    3.125e-05,
    3.125e-05,
    3.125e-05,
    3.125e-05,
    3.125e-05,
    3.125e-05,
    3.125e-05,
    3.125e-05,
    3.125e-05,
    3.125e-05,
    3.125e-05,
    1.5625e-05,
    1.5625e-05,
    1.5625e-05,
    1.5625e-05,
    1.5625e-05,
    1.5625e-05,
    1.5625e-05,
    1.5625e-05,
    1.5625e-05,
    1.5625e-05,
    1.5625e-05,
    7.8125e-06,
    7.8125e-06,
    7.8125e-06,
    7.8125e-06,
    7.8125e-06,
    7.8125e-06,
    7.8125e-06,
    7.8125e-06,
    7.8125e-06
  ]
}