{
  "dopaminergic": {
    "per_seed": {
      "ordered": [
        0.20724095404148102,
        0.2125738114118576,
        0.16841739416122437,
        0.15935297310352325,
        0.18134884536266327,
        0.1812410056591034,
        0.16127461194992065,
        0.2024136632680893,
        0.17260810732841492,
        0.15862607955932617,
        0.18107016384601593,
        0.20551887154579163,
        0.16244164109230042,
        0.19024121761322021,
        0.15953847765922546,
        0.1876455396413803,
        0.14875362813472748,
        0.16306833922863007,
        0.16027531027793884,
        0.2107836902141571
      ],
      "shuffle": [
        0.20715710520744324,
        0.21258538961410522,
        0.16902974247932434,
        0.15939050912857056,
        0.18139733374118805,
        0.18165548145771027,
        0.1610286682844162,
        0.20027288794517517,
        0.1726202368736267,
        0.15429756045341492,
        0.1784740388393402,
        0.20585393905639648,
        0.16232222318649292,
        0.1905575394630432,
        0.15757369995117188,
        0.18941420316696167,
        0.15136218070983887,
        0.16127581894397736,
        0.1605328768491745,
        0.21371673047542572
      ],
      "no_pe": [
        0.19528602063655853,
        0.2146962583065033,
        0.1682753562927246,
        0.15928462147712708,
        0.17800146341323853,
        0.1784588247537613,
        0.16423112154006958,
        0.2020561695098877,
        0.18031710386276245,
        0.15579290688037872,
        0.18036288022994995,
        0.2055751383304596,
        0.15794162452220917,
        0.18891988694667816,
        0.16060855984687805,
        0.19374853372573853,
        0.1506790965795517,
        0.16292792558670044,
        0.1609358787536621,
        0.20425985753536224
      ]
    },
    "aggregate": {
      "ordered": {
        "mean": 0.17872171625494956,
        "std": 0.020314806813055773
      },
      "shuffle": {
        "mean": 0.17852590829133988,
        "std": 0.020729356693297944
      },
      "no_pe": {
        "mean": 0.1781179614365101,
        "std": 0.019398032074461297
      }
    },
    "tests": {
      "shuffle": {
        "mean_diff": -0.00019580796360969545,
        "ci": [
          -0.0009582987241446972,
          0.0005315198563039297
        ],
        "wilcoxon_p": 0.8694877624511719
      },
      "no_pe": {
        "mean_diff": -0.0006037548184394837,
        "ci": [
          -0.0025083627738058563,
          0.0011680658347904653
        ],
        "wilcoxon_p": 0.49800872802734375
      }
    },
    "stages": [
      "D11",
      "D30",
      "D52"
    ]
  },
  "cardiomyocyte": {
    "per_seed": {
      "ordered": [
        0.0735030397772789,
        0.09435322880744934,
        0.08037436753511429,
        0.10054092109203339,
        0.13771085441112518,
        0.1202687919139862,
        0.09790994226932526,
        0.09309069812297821,
        0.1161792129278183,
        0.1495642364025116,
        0.11522276699542999,
        0.10688771307468414,
        0.1452036201953888,
        0.11589707434177399,
        0.11386393010616302,
        0.12572653591632843,
        0.09800679981708527,
        0.11694566905498505,
        0.10194781422615051,
        0.09636688977479935
      ],
      "shuffle": [
        0.07287255674600601,
        0.09097371250391006,
        0.082499660551548,
        0.09131230413913727,
        0.13763022422790527,
        0.12029329687356949,
        0.10132285207509995,
        0.09759779274463654,
        0.11330032348632812,
        0.1492258906364441,
        0.11595527082681656,
        0.11165787279605865,
        0.14496591687202454,
        0.10487882047891617,
        0.1133023351430893,
        0.1257098913192749,
        0.09790371358394623,
        0.11668496578931808,
        0.10959309339523315,
        0.09703195095062256
      ],
      "no_pe": [
        0.09691712260246277,
        0.09045395255088806,
        0.07991242408752441,
        0.09754255414009094,
        0.13695326447486877,
        0.12171371281147003,
        0.10191303491592407,
        0.09199119359254837,
        0.11248831450939178,
        0.12651561200618744,
        0.12052921950817108,
        0.10801622271537781,
        0.14460061490535736,
        0.1126379519701004,
        0.12106582522392273,
        0.12982679903507233,
        0.09578268975019455,
        0.1116432398557663,
        0.09548064321279526,
        0.10054518282413483
      ]
    },
    "aggregate": {
      "ordered": {
        "mean": 0.10997820533812046,
        "std": 0.01982688732592423
      },
      "shuffle": {
        "mean": 0.10973562225699425,
        "std": 0.019730693983510978
      },
      "no_pe": {
        "mean": 0.10982647873461246,
        "std": 0.016990668490774154
      }
    },
    "tests": {
      "shuffle": {
        "mean_diff": -0.00024258308112621308,
        "ci": [
          -0.002154529420658946,
          0.0015031143184751272
        ],
        "wilcoxon_p": 0.8983173370361328
      },
      "no_pe": {
        "mean_diff": -0.00015172660350799562,
        "ci": [
          -0.003726500254124403,
          0.0034820480085909324
        ],
        "wilcoxon_p": 0.9854354858398438
      }
    },
    "stages": [
      "day0",
      "day5",
      "day11"
    ]
  }
}