{
  "dopaminergic": {
    "per_seed": {
      "ordered": [
        0.19904708862304688,
        0.22312414646148682
      ],
      "shuffle": [
        0.20057359337806702,
        0.22290939092636108
      ],
      "no_pe": [
        0.19614368677139282,
        0.21521936357021332
      ]
    },
    "aggregate": {
      "ordered": {
        "mean": 0.21108561754226685,
        "std": 0.0170250508685816
      },
      "shuffle": {
        "mean": 0.21174149215221405,
        "std": 0.015793793909608597
      },
      "no_pe": {
        "mean": 0.20568152517080307,
        "std": 0.013488540420168865
      }
    },
    "tests": {
      "shuffle": {
        "mean_diff": 0.0006558746099472046,
        "ci": [
          -0.00021475553512573242,
          0.0015265047550201416
        ],
        "wilcoxon_p": 1.0
      },
      "no_pe": {
        "mean_diff": -0.005404092371463776,
        "ci": [
          -0.007904782891273499,
          -0.0029034018516540527
        ],
        "wilcoxon_p": 0.5
      }
    },
    "stages": [
      "D11",
      "D30",
      "D52"
    ]
  },
  "cardiomyocyte": {
    "per_seed": {
      "ordered": [
        0.0735030397772789,
        0.09435322880744934
      ],
      "shuffle": [
        0.07287255674600601,
        0.09685263782739639
      ],
      "no_pe": [
        0.09691712260246277,
        0.09045395255088806
      ]
    },
    "aggregate": {
      "ordered": {
        "mean": 0.08392813429236412,
        "std": 0.014743310052254884
      },
      "shuffle": {
        "mean": 0.0848625972867012,
        "std": 0.016956477946054375
      },
      "no_pe": {
        "mean": 0.09368553757667542,
        "std": 0.004570151371430284
      }
    },
    "tests": {
      "shuffle": {
        "mean_diff": 0.0009344629943370819,
        "ci": [
          -0.0006304830312728882,
          0.002499409019947052
        ],
        "wilcoxon_p": 1.0
      },
      "no_pe": {
        "mean_diff": 0.009757403284311295,
        "ci": [
          -0.0038992762565612793,
          0.02341408282518387
        ],
        "wilcoxon_p": 1.0
      }
    },
    "stages": [
      "day0",
      "day5",
      "day11"
    ]
  }
}