{
  "seeds": 2,
  "per_seed": {
    "Ridge": [
      0.1981331480719365,
      0.22708024480324915
    ],
    "RandomForest": [
      0.2208776899972833,
      0.23699471963928406
    ],
    "Transformer": [
      0.19904708862304688,
      0.22312414646148682
    ]
  },
  "per_seed_PD": {
    "Ridge": {
      "P": [
        0.21704291579572416,
        0.2843622938172351
      ],
      "D": [
        0.1792233803481488,
        0.1697981957892632
      ]
    },
    "RandomForest": {
      "P": [
        0.2344844653392581,
        0.2824616658990481
      ],
      "D": [
        0.20727091465530853,
        0.19152777337952004
      ]
    },
    "Transformer": {
      "P": [
        0.2258336842060089,
        0.26302140951156616
      ],
      "D": [
        0.17226050794124603,
        0.18322688341140747
      ]
    }
  },
  "aggregate": {
    "Ridge": {
      "mean": 0.21260669643759283,
      "std": 0.020468688394374122,
      "ci": [
        0.1981331480719365,
        0.22708024480324915
      ],
      "P": 0.25070260480647966,
      "D": 0.174510788068706
    },
    "RandomForest": {
      "mean": 0.2289362048182837,
      "std": 0.011396460952443333,
      "ci": [
        0.2208776899972833,
        0.23699471963928406
      ],
      "P": 0.25847306561915306,
      "D": 0.19939934401741427
    },
    "Transformer": {
      "mean": 0.21108561754226685,
      "std": 0.0170250508685816,
      "ci": [
        0.19904708862304688,
        0.22312414646148682
      ],
      "P": 0.24442754685878754,
      "D": 0.17774369567632675
    }
  },
  "paired_vs_transformer": {
    "Ridge": {
      "mean_diff": 0.0015210788953259752,
      "ci": [
        -0.0009139405511103815,
        0.003956098341762332
      ],
      "wilcoxon_p": 1.0,
      "dz": 0.44170702750601276,
      "wilcoxon_p_holm": 1.0
    },
    "RandomForest": {
      "mean_diff": 0.017850587276016835,
      "ci": [
        0.013870573177797246,
        0.021830601374236425
      ],
      "wilcoxon_p": 0.5,
      "dz": 3.171413718529345,
      "wilcoxon_p_holm": 1.0
    }
  }
}