{
  "seeds": 20,
  "stages": [
    "day0",
    "day5",
    "day11"
  ],
  "per_seed": {
    "Ridge": [
      0.10997434414517218,
      0.0999478578344629,
      0.08476411786261018,
      0.09569636217931783,
      0.13241328635937435,
      0.12377043019334626,
      0.11222658981693895,
      0.0912851880294274,
      0.11973338695643364,
      0.12231570886517193,
      0.09732103344371165,
      0.10688512309274341,
      0.15235070454245647,
      0.10535525528286463,
      0.1086680581905324,
      0.11814265679353705,
      0.10412058174413326,
      0.11176270513885349,
      0.1087343664943019,
      0.09505775606745429
    ],
    "RandomForest": [
      0.11618200887579698,
      0.09880177434457695,
      0.08176211875035815,
      0.09746346600786976,
      0.13742812329671003,
      0.12971586141859048,
      0.11816805741831979,
      0.09216129277471088,
      0.11938682323756344,
      0.12249327393302359,
      0.09461044220119726,
      0.11614376064920881,
      0.15832640047202884,
      0.10681710753643744,
      0.10955145406770538,
      0.11999858054397837,
      0.10562624418264305,
      0.11198234184985761,
      0.11116706342781599,
      0.0938688837501175
    ],
    "Transformer": [
      0.0735030397772789,
      0.09435322880744934,
      0.08037436753511429,
      0.10054092109203339,
      0.13771085441112518,
      0.1202687919139862,
      0.09790994226932526,
      0.09309069812297821,
      0.1161792129278183,
      0.1495642364025116,
      0.11522276699542999,
      0.10688771307468414,
      0.1452036201953888,
      0.11589707434177399,
      0.11386393010616302,
      0.12572653591632843,
      0.09800679981708527,
      0.11694566905498505,
      0.10194781422615051,
      0.09636688977479935
    ]
  },
  "per_seed_PD": {
    "Ridge": {
      "P": [
        0.03782780606965443,
        0.046871239508644365,
        0.04822419984650421,
        0.05565468111615786,
        0.05884819590381523,
        0.045528457163149835,
        0.04809841969283975,
        0.04611585440847042,
        0.04612229042861883,
        0.05187472702148775,
        0.059077693038558574,
        0.05435874084072344,
        0.06936967815204871,
        0.03414714222697892,
        0.057838981775332435,
        0.06207308340984454,
        0.04716754871383776,
        0.06087329264227739,
        0.0627502303749165,
        0.034474779775964894
      ],
      "D": [
        0.18212088222068992,
        0.15302447616028142,
        0.12130403587871612,
        0.13573804324247785,
        0.20597837681493347,
        0.2020124032235427,
        0.17635475994103814,
        0.13645452165038433,
        0.19334448348424846,
        0.19275669070885612,
        0.13556437384886474,
        0.1594115053447634,
        0.23533173093286425,
        0.17656336833875033,
        0.15949713460573237,
        0.17421223017722953,
        0.16107361477442872,
        0.16265211763542958,
        0.15471850261368728,
        0.15564073235894366
      ]
    },
    "RandomForest": {
      "P": [
        0.03826560699838625,
        0.04621564855791479,
        0.04962413927105809,
        0.05583233082595415,
        0.06243681082205531,
        0.046708548845846194,
        0.04531029221724137,
        0.04517097688549786,
        0.04352624382101619,
        0.05041726479769699,
        0.06041995157739026,
        0.054933878123711845,
        0.06860370131221954,
        0.029750801893312865,
        0.0570873619567105,
        0.06378218770535689,
        0.04584170413582529,
        0.06386043916587175,
        0.06587771272440489,
        0.03536366787380996
      ],
      "D": [
        0.19409841075320772,
        0.15138790013123907,
        0.1139000982296582,
        0.1390946011897854,
        0.21241943577136474,
        0.21272317399133475,
        0.1910258226193982,
        0.13915160866392393,
        0.19524740265411072,
        0.19456928306835022,
        0.12880093282500427,
        0.17735364317470578,
        0.24804909963183816,
        0.18388341317956208,
        0.1620155461787003,
        0.17621497338259984,
        0.16541078422946073,
        0.16010424453384348,
        0.15645641413122705,
        0.15237409962642504
      ]
    },
    "Transformer": {
      "P": [
        0.017409833148121834,
        0.02899947389960289,
        0.05634908378124237,
        0.055347006767988205,
        0.07253552973270416,
        0.0514243058860302,
        0.040847089141607285,
        0.0590982548892498,
        0.051869992166757584,
        0.03253110498189926,
        0.06526415795087814,
        0.04070056974887848,
        0.057748448103666306,
        0.06877481192350388,
        0.058244697749614716,
        0.05849093943834305,
        0.05265703424811363,
        0.04605404660105705,
        0.07083480060100555,
        0.024716423824429512
      ],
      "D": [
        0.12959624826908112,
        0.1597069948911667,
        0.1043996512889862,
        0.14573483169078827,
        0.202886164188385,
        0.1891132891178131,
        0.15497279167175293,
        0.12708315253257751,
        0.1804884523153305,
        0.26659733057022095,
        0.16518138349056244,
        0.173074871301651,
        0.2326587736606598,
        0.1630193442106247,
        0.16948315501213074,
        0.1929621547460556,
        0.1433565616607666,
        0.18783727288246155,
        0.13306084275245667,
        0.16801735758781433
      ]
    }
  },
  "aggregate": {
    "Ridge": {
      "mean": 0.1100262756516422,
      "std": 0.01547886902919523,
      "ci": [
        0.10379818994440089,
        0.11677562738577146
      ]
    },
    "RandomForest": {
      "mean": 0.11208275393692553,
      "std": 0.01748159061790343,
      "ci": [
        0.10494506939621888,
        0.11971256284865432
      ]
    },
    "Transformer": {
      "mean": 0.10997820533812046,
      "std": 0.01982688732592423,
      "ci": [
        0.10182088630273939,
        0.11841288854368032
      ]
    }
  },
  "paired_vs_transformer": {
    "Ridge": {
      "mean_diff": 4.807031352174751e-05,
      "ci": [
        -0.005205800199161657,
        0.0058295414617396705
      ],
      "wilcoxon_p": 0.9272785186767578,
      "dz": 0.003771236702038115,
      "wilcoxon_p_holm": 1.0
    },
    "RandomForest": {
      "mean_diff": 0.002104548598805054,
      "ci": [
        -0.0038951572576665654,
        0.008640904605578424
      ],
      "wilcoxon_p": 0.5216732025146484,
      "dz": 0.14507622723380578,
      "wilcoxon_p_holm": 1.0
    }
  }
}