{
  "seeds": 20,
  "per_seed": {
    "Ridge": [
      0.1981331480719365,
      0.22708024480324915,
      0.15848638712084026,
      0.16136240569567006,
      0.1670375278504492,
      0.19440662906872544,
      0.16473729259751213,
      0.19370924318864452,
      0.17885269344338686,
      0.1533996229289463,
      0.19061077715001953,
      0.2017154160454287,
      0.166985906330879,
      0.1750251433986021,
      0.15586607228916782,
      0.17823546851580688,
      0.1552606352070707,
      0.17151996642599382,
      0.1545503975449461,
      0.201748105552292
    ],
    "RandomForest": [
      0.203210057525835,
      0.23001748460669796,
      0.15607743152203418,
      0.16736108169326683,
      0.1715008468622572,
      0.19274334756764805,
      0.16049174782033213,
      0.19286921642245453,
      0.1833635980269551,
      0.15838192841894094,
      0.19311055724929893,
      0.20418055045584058,
      0.17536922330464166,
      0.17395020534560374,
      0.16331989438091793,
      0.17623739019155726,
      0.15253121380557555,
      0.17878722151796,
      0.1519872231047581,
      0.20336516035299917
    ],
    "Transformer": [
      0.20724095404148102,
      0.2125738114118576,
      0.16841739416122437,
      0.15935297310352325,
      0.18134884536266327,
      0.1812410056591034,
      0.16127461194992065,
      0.2024136632680893,
      0.17260810732841492,
      0.15862607955932617,
      0.18107016384601593,
      0.20551887154579163,
      0.16244164109230042,
      0.19024121761322021,
      0.15953847765922546,
      0.1876455396413803,
      0.14875362813472748,
      0.16306833922863007,
      0.16027531027793884,
      0.2107836902141571
    ]
  },
  "per_seed_PD": {
    "Ridge": {
      "P": [
        0.21704291579572416,
        0.2843622938172351,
        0.1940023815228387,
        0.20958093880642356,
        0.16861597241424567,
        0.25126669581756816,
        0.19739294769169963,
        0.2562510220334747,
        0.2528505745981535,
        0.1823111207459841,
        0.2296050110046478,
        0.24496868496866334,
        0.21128001332754137,
        0.24363815333304073,
        0.1749419081159486,
        0.2435439165135519,
        0.170955698611397,
        0.1960081020755687,
        0.17839803109331617,
        0.22608824145653736
      ],
      "D": [
        0.1792233803481488,
        0.1697981957892632,
        0.12297039271884183,
        0.11314387258491655,
        0.1654590832866528,
        0.13754656231988277,
        0.1320816375033246,
        0.13116746434381427,
        0.10485481228862019,
        0.1244881251119085,
        0.15161654329539123,
        0.1584621471221941,
        0.1226917993342167,
        0.10641213346416345,
        0.13679023646238708,
        0.11292702051806187,
        0.13956557180274437,
        0.14703183077641888,
        0.13070276399657602,
        0.1774079696480466
      ]
    },
    "RandomForest": {
      "P": [
        0.21886046581324545,
        0.2843031928884016,
        0.19415618606002522,
        0.21692487035708294,
        0.17151699822720787,
        0.2465264142380952,
        0.19051421582000927,
        0.2570398396187337,
        0.2606714655792372,
        0.18900876965952962,
        0.22996390643001727,
        0.24893577161140382,
        0.22236869656668473,
        0.24661276544224658,
        0.18563990466115907,
        0.23648927229948388,
        0.1697113897676358,
        0.20976431879601923,
        0.17622241091324925,
        0.23232680814157158
      ],
      "D": [
        0.18755964923842458,
        0.17573177632499432,
        0.11799867698404315,
        0.11779729302945066,
        0.17148469549730655,
        0.13896028089720086,
        0.13046927982065495,
        0.12869859322617536,
        0.10605573047467297,
        0.12775508717835238,
        0.15625720806858054,
        0.15942532930027736,
        0.12836975004259848,
        0.10128764524896085,
        0.1409998841006768,
        0.1159855080836306,
        0.1353510378435153,
        0.14781012423990084,
        0.12775203529626689,
        0.17440351256442677
      ]
    },
    "Transformer": {
      "P": [
        0.24161773920059204,
        0.24952052533626556,
        0.21156813204288483,
        0.2090359479188919,
        0.18309234082698822,
        0.23653267323970795,
        0.20226506888866425,
        0.2704610228538513,
        0.24157355725765228,
        0.18712162971496582,
        0.22071008384227753,
        0.25896206498146057,
        0.20889006555080414,
        0.23587533831596375,
        0.18446633219718933,
        0.2594088912010193,
        0.175098717212677,
        0.19213686883449554,
        0.18733467161655426,
        0.2581647038459778
      ],
      "D": [
        0.17286416888237,
        0.17562709748744965,
        0.1252666562795639,
        0.10967003554105759,
        0.1796053797006607,
        0.12594935297966003,
        0.12028414756059647,
        0.13436631858348846,
        0.10364262014627457,
        0.13013052940368652,
        0.14143024384975433,
        0.15207569301128387,
        0.11599321663379669,
        0.14460712671279907,
        0.1346106231212616,
        0.11588218808174133,
        0.12240856140851974,
        0.1339997947216034,
        0.13321594893932343,
        0.16340269148349762
      ]
    }
  },
  "aggregate": {
    "Ridge": {
      "mean": 0.17743615416147834,
      "std": 0.020388192817359322,
      "ci": [
        0.16891729883729506,
        0.1867629920390965
      ],
      "P": 0.21665523118717803,
      "D": 0.1382170771357787
    },
    "RandomForest": {
      "mean": 0.17944276900877876,
      "std": 0.020799055310403748,
      "ci": [
        0.1707553476675119,
        0.1888427373187969
      ],
      "P": 0.21937788314455195,
      "D": 0.1395076548730055
    },
    "Transformer": {
      "mean": 0.17872171625494956,
      "std": 0.020314806813055773,
      "ci": [
        0.17017226502299307,
        0.18755297223106027
      ],
      "P": 0.22069181874394417,
      "D": 0.13675161972641944
    }
  },
  "paired_vs_transformer": {
    "Ridge": {
      "mean_diff": -0.0012855620934712167,
      "ci": [
        -0.0051380363625994655,
        0.00257673546521558
      ],
      "wilcoxon_p": 0.49800872802734375,
      "dz": -0.14083639593362068,
      "wilcoxon_p_holm": 0.9960174560546875
    },
    "RandomForest": {
      "mean_diff": 0.0007210527538291711,
      "ci": [
        -0.0038028655542027157,
        0.005233664176726488
      ],
      "wilcoxon_p": 0.7841262817382812,
      "dz": 0.06904633551661567,
      "wilcoxon_p_holm": 0.9960174560546875
    }
  }
}