{
  "dopaminergic": {
    "per_seed": {
      "Ridge": [
        0.1981331480719365,
        0.22708024480324915
      ],
      "ODE_pop": [
        0.22440904154396984,
        0.23532693917483333
      ],
      "ODE_dist": [
        0.2777763026451203,
        0.26015761629668416
      ],
      "ODE_pertraj": [
        0.42656278727824487,
        0.3312340347694409
      ]
    },
    "aggregate": {
      "Ridge": {
        "mean": 0.21260669643759283,
        "std": 0.020468688394374122
      },
      "ODE_pop": {
        "mean": 0.22986799035940159,
        "std": 0.007720119451084109
      },
      "ODE_dist": {
        "mean": 0.2689669594709022,
        "std": 0.012458292592578062
      },
      "ODE_pertraj": {
        "mean": 0.3788984110238429,
        "std": 0.06740760734102938
      }
    },
    "stages": [
      "D11",
      "D30",
      "D52"
    ],
    "times": [
      0.0,
      19.0,
      41.0
    ]
  },
  "cardiomyocyte": {
    "per_seed": {
      "Ridge": [
        0.10997434414517218,
        0.0999478578344629
      ],
      "ODE_pop": [
        0.26662396102944946,
        0.26396775687978
      ],
      "ODE_dist": [
        0.2744856671259527,
        0.2962484029348122
      ],
      "ODE_pertraj": [
        0.31765192987672863,
        0.32897218087466873
      ]
    },
    "aggregate": {
      "Ridge": {
        "mean": 0.10496110098981754,
        "std": 0.00708979646177662
      },
      "ODE_pop": {
        "mean": 0.2652958589546147,
        "std": 0.0018782199664471074
      },
      "ODE_dist": {
        "mean": 0.2853670350303824,
        "std": 0.015388578067615866
      },
      "ODE_pertraj": {
        "mean": 0.3233120553756987,
        "std": 0.008004626245377223
      }
    },
    "stages": [
      "day0",
      "day5",
      "day11"
    ],
    "times": [
      0.0,
      5.0,
      11.0
    ]
  }
}