{
  "dopaminergic": {
    "per_seed": {
      "Ridge": [
        0.1981331480719365,
        0.22708024480324915,
        0.15848638712084026,
        0.16136240569567006,
        0.1670375278504492,
        0.19440662906872544,
        0.16473729259751213,
        0.19370924318864452,
        0.17885269344338686,
        0.1533996229289463,
        0.19061077715001953,
        0.2017154160454287,
        0.166985906330879,
        0.1750251433986021,
        0.15586607228916782,
        0.17823546851580688,
        0.1552606352070707,
        0.17151996642599382,
        0.1545503975449461,
        0.201748105552292
      ],
      "ODE_pop": [
        0.22440904154396984,
        0.23532693917483333,
        0.19407836270325057,
        0.18139017492423826,
        0.17574565932003905,
        0.20201927179041376,
        0.20723041022488248,
        0.21628068251947594,
        0.20691815792481322,
        0.17664514192715017,
        0.20318342739534678,
        0.21038890501888707,
        0.1836061812242587,
        0.16887005582274406,
        0.19865366918345229,
        0.20403045253064367,
        0.19443390875947297,
        0.17629554986965124,
        0.18294165845487687,
        0.2254909954074102
      ],
      "ODE_dist": [
        0.2777763026451203,
        0.26015761629668416,
        0.24021814133908814,
        0.2187949185694058,
        0.19940846599977063,
        0.2516722711573405,
        0.3725794390003814,
        0.2601633974740776,
        0.23441216239101315,
        0.41340798869726636,
        0.4025924797422042,
        0.27459368103747633,
        0.19618254899188153,
        0.4116311337165599,
        0.3974084010833913,
        0.27436281173810173,
        0.3615168998876598,
        0.23551528900020113,
        0.39394573101815855,
        0.2235212742850617
      ],
      "ODE_pertraj": [
        0.42656278727824487,
        0.3312340347694409,
        0.3224773008900401,
        0.34456417058108213,
        0.3199511864913116,
        0.36278908683886224,
        0.4027720491134247,
        0.38019230348369415,
        0.41109859389330783,
        0.32438212851280995,
        0.37897670999899447,
        0.3802462489224745,
        0.38611722564193063,
        0.33842766719850303,
        0.3672950994101336,
        0.3553414367689598,
        0.41164115575077226,
        0.3434794928292991,
        0.4102452641763261,
        0.39560959700134846
      ]
    },
    "aggregate": {
      "Ridge": {
        "mean": 0.17743615416147834,
        "std": 0.020388192817359322
      },
      "ODE_pop": {
        "mean": 0.1983969322859905,
        "std": 0.01861578373561291
      },
      "ODE_dist": {
        "mean": 0.2949930477035422,
        "std": 0.0779316437696642
      },
      "ODE_pertraj": {
        "mean": 0.369670176977548,
        "std": 0.033629097275366844
      }
    },
    "stages": [
      "D11",
      "D30",
      "D52"
    ],
    "times": [
      0.0,
      19.0,
      41.0
    ]
  },
  "cardiomyocyte": {
    "per_seed": {
      "Ridge": [
        0.10997434414517218,
        0.0999478578344629,
        0.08476411786261018,
        0.09569636217931783,
        0.13241328635937435,
        0.12377043019334626,
        0.11222658981693895,
        0.0912851880294274,
        0.11973338695643364,
        0.12231570886517193,
        0.09732103344371165,
        0.10688512309274341,
        0.15235070454245647,
        0.10535525528286463,
        0.1086680581905324,
        0.11814265679353705,
        0.10412058174413326,
        0.11176270513885349,
        0.1087343664943019,
        0.09505775606745429
      ],
      "ODE_pop": [
        0.26662396102944946,
        0.26396775687978,
        0.22721179127982488,
        0.23498233851695577,
        0.2586298250241036,
        0.24646132329977888,
        0.2643134640205571,
        0.2499969849640703,
        0.2664985145917792,
        0.24943719339917517,
        0.2210284215445134,
        0.24269020742727185,
        0.2606671844002775,
        0.2746869270667721,
        0.24109058587352933,
        0.2377755594281326,
        0.24344451038965662,
        0.2391175010122657,
        0.21510239764542788,
        0.262182000029071
      ],
      "ODE_dist": [
        0.2744856671259527,
        0.2962484029348122,
        0.24360403430189773,
        0.23527380502834844,
        0.2691784099776696,
        0.24129520480421895,
        0.2799067362146124,
        0.25493164833474224,
        0.2760496440828313,
        0.2507159468328647,
        0.2316882075663716,
        0.24703981231711558,
        0.2653640644718611,
        0.2724621184572925,
        0.2588612337339441,
        0.2512642056976876,
        0.2612926906574505,
        0.26086446004334957,
        0.2208832332029344,
        0.27659718538729666
      ],
      "ODE_pertraj": [
        0.31765192987672863,
        0.32897218087466873,
        0.3350071605577396,
        0.35420172368989317,
        0.29437557137883874,
        0.38918975339504186,
        0.3416308936163366,
        0.33949478491509044,
        0.32730186595902705,
        0.3216891090039983,
        0.3340271672159454,
        0.3281555722657075,
        0.33607884313703984,
        0.3513254864332027,
        0.3074590557762369,
        0.32190731956533913,
        0.37806992965020253,
        0.32755628746256926,
        0.3034575555378777,
        0.33311510109896425
      ]
    },
    "aggregate": {
      "Ridge": {
        "mean": 0.1100262756516422,
        "std": 0.01547886902919523
      },
      "ODE_pop": {
        "mean": 0.24829542239111962,
        "std": 0.016375598928983385
      },
      "ODE_dist": {
        "mean": 0.25840033555866265,
        "std": 0.01862637865576849
      },
      "ODE_pertraj": {
        "mean": 0.3335333645705224,
        "std": 0.022600382779664373
      }
    },
    "stages": [
      "day0",
      "day5",
      "day11"
    ],
    "times": [
      0.0,
      5.0,
      11.0
    ]
  }
}