{
  "baseline": {
    "ridge": 0.11002627675884602,
    "tf": 0.1099782045930624,
    "gap": -4.807216578361917e-05,
    "dz": -0.003771383589129024,
    "gap_ci": [
      -0.005582984081511251,
      0.005262900931064943
    ]
  },
  "LOO_P_LIN28A": {
    "ridge": 0.10408494696641908,
    "tf": 0.10355086661875249,
    "gap": -0.0005340803476666031,
    "dz": -0.039470786574044084,
    "gap_ci": [
      -0.006106151281818692,
      0.00531036984908348
    ]
  },
  "LOO_P_TDGF1": {
    "ridge": 0.11290875041528574,
    "tf": 0.11277568079531193,
    "gap": -0.00013306961997378852,
    "dz": -0.010439674617572966,
    "gap_ci": [
      -0.005615678126463662,
      0.005013700847905825
    ]
  },
  "LOO_P_DPPA4": {
    "ridge": 0.10819750835612787,
    "tf": 0.1086331158876419,
    "gap": 0.00043560753151405116,
    "dz": 0.031183015626249477,
    "gap_ci": [
      -0.00531682022957014,
      0.006490761994509624
    ]
  },
  "LOO_P_SOX2": {
    "ridge": 0.10891452375733471,
    "tf": 0.10961387418210507,
    "gap": 0.0006993504247703467,
    "dz": 0.052194535232781114,
    "gap_ci": [
      -0.005045400810922798,
      0.006356891031952369
    ]
  },
  "LOO_P_POU5F1": {
    "ridge": 0.11306384223754787,
    "tf": 0.11320400983095169,
    "gap": 0.00014016759340382338,
    "dz": 0.011204783497474235,
    "gap_ci": [
      -0.005375495403457667,
      0.005290009644000366
    ]
  },
  "LOO_P_UTF1": {
    "ridge": 0.10992436682533516,
    "tf": 0.10984882228076458,
    "gap": -7.55445445705584e-05,
    "dz": -0.005934914281219192,
    "gap_ci": [
      -0.005614111654191214,
      0.00521091118469702
    ]
  },
  "LOO_P_NANOG": {
    "ridge": 0.11079530440964383,
    "tf": 0.11060523875057697,
    "gap": -0.00019006565906687852,
    "dz": -0.014823452861368555,
    "gap_ci": [
      -0.005735845031622492,
      0.005082846606090244
    ]
  },
  "LOO_D_NPPA": {
    "ridge": 0.11615974163169215,
    "tf": 0.116191928088665,
    "gap": 3.218645697285402e-05,
    "dz": 0.002634234852092165,
    "gap_ci": [
      -0.005315549611802195,
      0.00506251658369262
    ]
  },
  "LOO_D_TNNT2": {
    "ridge": 0.10534903261433663,
    "tf": 0.1053692776709795,
    "gap": 2.024505664285081e-05,
    "dz": 0.0015268242470882032,
    "gap_ci": [
      -0.0056495877425919135,
      0.005625375505570293
    ]
  },
  "LOO_D_TNNI1": {
    "ridge": 0.10683496343813943,
    "tf": 0.10780097544193268,
    "gap": 0.0009660120037932463,
    "dz": 0.06974223866760289,
    "gap_ci": [
      -0.004898132054140383,
      0.006863409072776292
    ]
  },
  "LOO_D_RYR2": {
    "ridge": 0.10951025722914329,
    "tf": 0.11011658348143101,
    "gap": 0.0006063262522877117,
    "dz": 0.0503706869494119,
    "gap_ci": [
      -0.004717346036573473,
      0.005491197966322744
    ]
  },
  "LOO_D_NKX2-5": {
    "ridge": 0.11071974918627533,
    "tf": 0.11067940518260003,
    "gap": -4.034400367532998e-05,
    "dz": -0.003215137873822682,
    "gap_ci": [
      -0.0054305445841231715,
      0.005122055390848799
    ]
  },
  "LOO_D_MYL7": {
    "ridge": 0.1082615829458696,
    "tf": 0.10945563837885856,
    "gap": 0.0011940554329889711,
    "dz": 0.08655828017684351,
    "gap_ci": [
      -0.004620204958451424,
      0.0070153359322890395
    ]
  },
  "LOO_D_GATA4": {
    "ridge": 0.10990687020271724,
    "tf": 0.10972614698112011,
    "gap": -0.00018072322159713646,
    "dz": -0.014072699552341984,
    "gap_ci": [
      -0.005639734446464172,
      0.005170923305012788
    ]
  },
  "LOO_D_MYL2": {
    "ridge": 0.11019395783528593,
    "tf": 0.10930483862757683,
    "gap": -0.0008891192077091006,
    "dz": -0.07017891802799028,
    "gap_ci": [
      -0.006274330736431236,
      0.004401589618897725
    ]
  },
  "LOO_D_TBX5": {
    "ridge": 0.11032118380783078,
    "tf": 0.11070024073123932,
    "gap": 0.0003790569234085363,
    "dz": 0.029796852138309373,
    "gap_ci": [
      -0.0051094192422257035,
      0.005635850551415162
    ]
  },
  "LOO_D_MYH6": {
    "ridge": 0.10889798022593074,
    "tf": 0.10991363227367401,
    "gap": 0.0010156520477432734,
    "dz": 0.09254618185243352,
    "gap_ci": [
      -0.003671584983365754,
      0.005610482411650771
    ]
  },
  "LOO_D_MYH7": {
    "ridge": 0.11186517609579097,
    "tf": 0.11216006949543952,
    "gap": 0.0002948933996485659,
    "dz": 0.023395477358046073,
    "gap_ci": [
      -0.00519907362876618,
      0.005493148410776651
    ]
  },
  "LOO_D_ACTC1": {
    "ridge": 0.11046588563323882,
    "tf": 0.11036264784634113,
    "gap": -0.00010323778689768082,
    "dz": -0.008534711183544067,
    "gap_ci": [
      -0.005283227995469902,
      0.004840848783045261
    ]
  },
  "LOO_D_TNNI3": {
    "ridge": 0.11203354589843492,
    "tf": 0.11239343993365765,
    "gap": 0.0003598940352227381,
    "dz": 0.02784092490120635,
    "gap_ci": [
      -0.005186729564872063,
      0.005614734156734986
    ]
  },
  "agg_median": {
    "ridge": 0.03514256382422945,
    "tf": 0.037973150587640704,
    "gap": 0.0028305867634112513,
    "dz": 0.1936508420710248,
    "gap_ci": [
      -0.0032549218774513885,
      0.009286893728592323
    ]
  },
  "agg_zscore": {
    "ridge": 0.08484803961243681,
    "tf": 0.08651821129024029,
    "gap": 0.0016701716778034798,
    "dz": 0.14651542705679804,
    "gap_ci": [
      -0.002743834005812096,
      0.006784472973329152
    ]
  }
}