{
  "baseline": {
    "ridge": 0.17743615416147834,
    "tf": 0.1787180133163929,
    "gap": 0.0012818591549145456,
    "dz": 0.14040885789806154,
    "gap_ci": [
      -0.002744622784441511,
      0.005249696614100306
    ]
  },
  "LOO_P_POU5F1": {
    "ridge": 0.1772998290968355,
    "tf": 0.17874162942171096,
    "gap": 0.001441800324875457,
    "dz": 0.15709310289520884,
    "gap_ci": [
      -0.002556301785995096,
      0.005359017408493932
    ]
  },
  "LOO_P_NANOG": {
    "ridge": 0.1786657002022164,
    "tf": 0.18022013530135156,
    "gap": 0.0015544350991351485,
    "dz": 0.1735772831346179,
    "gap_ci": [
      -0.002316191736164271,
      0.005489701930830498
    ]
  },
  "LOO_P_SOX2": {
    "ridge": 0.07746854999022329,
    "tf": 0.0766690282151103,
    "gap": -0.0007995217751129876,
    "dz": -0.07955067133435699,
    "gap_ci": [
      -0.004994778090205671,
      0.003559218517952455
    ]
  },
  "LOO_P_UTF1": {
    "ridge": 0.17713627350147484,
    "tf": 0.1788349084556103,
    "gap": 0.001698634954135403,
    "dz": 0.1875788874644099,
    "gap_ci": [
      -0.0023501007860729905,
      0.005567415684027823
    ]
  },
  "LOO_P_TDGF1": {
    "ridge": 0.17725594609415649,
    "tf": 0.1785215936601162,
    "gap": 0.0012656475659596766,
    "dz": 0.13615079586538903,
    "gap_ci": [
      -0.0028535857268323036,
      0.005296660018206493
    ]
  },
  "LOO_D_TH": {
    "ridge": 0.17695094816989948,
    "tf": 0.17733588442206383,
    "gap": 0.00038493625216437093,
    "dz": 0.04374143846954203,
    "gap_ci": [
      -0.003476322138503385,
      0.004193856431185301
    ]
  },
  "LOO_D_DDC": {
    "ridge": 0.17454057547776378,
    "tf": 0.17469700127840043,
    "gap": 0.00015642580063665866,
    "dz": 0.021077707697452746,
    "gap_ci": [
      -0.003083481616747433,
      0.0033487316797141085
    ]
  },
  "LOO_D_SLC6A3": {
    "ridge": 0.17741446686239437,
    "tf": 0.17863624542951584,
    "gap": 0.0012217785671214635,
    "dz": 0.1327195230087455,
    "gap_ci": [
      -0.002813871207423281,
      0.005209809833441814
    ]
  },
  "LOO_D_DRD2": {
    "ridge": 0.17755726102509078,
    "tf": 0.1787167638540268,
    "gap": 0.0011595028289359919,
    "dz": 0.11906756826161403,
    "gap_ci": [
      -0.0031111021613091116,
      0.00535326793301488
    ]
  },
  "LOO_D_LMX1A": {
    "ridge": 0.1785513949877847,
    "tf": 0.1769348107278347,
    "gap": -0.0016165842599500004,
    "dz": -0.16343113589071137,
    "gap_ci": [
      -0.005858128564376638,
      0.002613908335122201
    ]
  },
  "LOO_D_FOXA2": {
    "ridge": 0.1812572413553163,
    "tf": 0.18058048635721208,
    "gap": -0.0006767549981042134,
    "dz": -0.08493653501187572,
    "gap_ci": [
      -0.004176653882314307,
      0.002675723776277257
    ]
  },
  "agg_median": {
    "ridge": 0.03836608545133194,
    "tf": 0.038314460683614014,
    "gap": -5.16247677179206e-05,
    "dz": -0.0046172896172345015,
    "gap_ci": [
      -0.004633086705288676,
      0.004946217161651635
    ]
  },
  "agg_zscore": {
    "ridge": 0.060256430264811464,
    "tf": 0.06045426670461893,
    "gap": 0.00019783643980745557,
    "dz": 0.04053906584382226,
    "gap_ci": [
      -0.001769303980783899,
      0.002383738554372156
    ]
  },
  "larger_panel": {
    "ridge": 0.13191562621517192,
    "tf": 0.13095625936985017,
    "gap": -0.0009593668453217894,
    "dz": -0.15729532551974956,
    "gap_ci": [
      -0.0036233009939604125,
      0.0016293789321738333
    ]
  }
}