{
  "baseline": {
    "ridge": 0.21260669643759283,
    "tf": 0.21108561754226685,
    "gap": -0.0015210788953259752,
    "gap_ci": [
      -0.003956098341762332,
      0.0009139405511103815
    ]
  },
  "LOO_P_POU5F1": {
    "ridge": 0.21209239457089374,
    "tf": 0.2114654779434204,
    "gap": -0.0006269166274733146,
    "gap_ci": [
      -0.003579277489605376,
      0.0023254442346587467
    ]
  },
  "LOO_P_NANOG": {
    "ridge": 0.21232777332617703,
    "tf": 0.20949511229991913,
    "gap": -0.0028326610262579127,
    "gap_ci": [
      -0.003919735775800404,
      -0.0017455862767154218
    ]
  },
  "LOO_P_SOX2": {
    "ridge": 0.0957367114801164,
    "tf": 0.08767001703381538,
    "gap": -0.008066694446301016,
    "gap_ci": [
      -0.01033090322652426,
      -0.005802485666077772
    ]
  },
  "LOO_P_UTF1": {
    "ridge": 0.2124217360433856,
    "tf": 0.2110910341143608,
    "gap": -0.001330701929024805,
    "gap_ci": [
      -0.003527342923857424,
      0.0008659390658078137
    ]
  },
  "LOO_P_TDGF1": {
    "ridge": 0.21263236292358617,
    "tf": 0.21092306077480316,
    "gap": -0.0017093021487830096,
    "gap_ci": [
      -0.004173380033622276,
      0.0007547757360562568
    ]
  },
  "LOO_D_TH": {
    "ridge": 0.2159527313804067,
    "tf": 0.20835895091295242,
    "gap": -0.007593780467454264,
    "gap_ci": [
      -0.01244583655853948,
      -0.002741724376369048
    ]
  },
  "LOO_D_DDC": {
    "ridge": 0.20298043411263786,
    "tf": 0.20179850608110428,
    "gap": -0.00118192803153358,
    "gap_ci": [
      -0.006817667646947578,
      0.004453811583880418
    ]
  },
  "LOO_D_SLC6A3": {
    "ridge": 0.21260668794871887,
    "tf": 0.21108472347259521,
    "gap": -0.001521964476123655,
    "gap_ci": [
      -0.003944155489118806,
      0.0009002265368714957
    ]
  },
  "LOO_D_DRD2": {
    "ridge": 0.2112756869507877,
    "tf": 0.20382025092840195,
    "gap": -0.007455436022385742,
    "gap_ci": [
      -0.0153830846743096,
      0.0004722126295381157
    ]
  },
  "LOO_D_LMX1A": {
    "ridge": 0.20218074628469118,
    "tf": 0.19587097316980362,
    "gap": -0.006309773114887576,
    "gap_ci": [
      -0.014689928228940996,
      0.0020703819991658434
    ]
  },
  "LOO_D_FOXA2": {
    "ridge": 0.21253936923685032,
    "tf": 0.2045174092054367,
    "gap": -0.008021960031413616,
    "gap_ci": [
      -0.014681571004733607,
      -0.001362349058093626
    ]
  },
  "agg_median": {
    "ridge": 0.044985830922782064,
    "tf": 0.039564359933137894,
    "gap": -0.005421470989644166,
    "gap_ci": [
      -0.010200540750765999,
      -0.0006424012285223338
    ]
  },
  "agg_zscore": {
    "ridge": 0.05908032492103817,
    "tf": 0.055865922942757607,
    "gap": -0.0032144019782805663,
    "gap_ci": [
      -0.0032830859883672125,
      -0.00314571796819392
    ]
  },
  "larger_panel": {
    "ridge": 0.14057959293985287,
    "tf": 0.14172465354204178,
    "gap": 0.0011450606021889131,
    "gap_ci": [
      -0.0036619541336423422,
      0.0059520753380201685
    ]
  }
}