{
  "k_pluri_deg": 0.10000268354855368,
  "k_diff_synth": 0.10000129954588943,
  "diff_rate": 0.24880429896857004,
  "k_basal": 0.010000636600747806,
  "final_loss": 2.3136768472199174,
  "improvement_percent": 39.18223059772721
}