{
  "RandomForest": {
    "train_mae": 0.37507125090383453,
    "val_mae": 0.5011092660510589,
    "test_mae": 0.5595325844722464,
    "test_mae_P": 0.7227941860348632,
    "test_mae_D": 0.39627098290962925
  },
  "LinearRegression": {
    "train_mae": 0.47116682206151483,
    "val_mae": 0.4903031515543577,
    "test_mae": 0.5444899880908849,
    "test_mae_P": 0.7006344150728337,
    "test_mae_D": 0.38834556110893564
  },
  "comparison": {
    "transformer_test_mae": 0.486,
    "best_baseline": "LinearRegression",
    "best_baseline_test_mae": 0.5444899880908849,
    "transformer_improvement_pct": 10.742160438241502
  }
}