{
  "train_loss": [
    809.843523297991,
    668.7143467494419,
    511.4696306501116,
    345.31032017299106,
    183.68454960414343,
    57.97610528128488,
    5.055222255843026,
    3.002562233379909,
    2.039286119597299,
    2.3804148265293668,
    1.9799697739737374,
    1.772295560155596,
    1.3924040624073573,
    1.7600784642355782,
    1.5269568307059151,
    1.6109133107321603,
    1.6710409947804041,
    1.2885689054216658,
    1.2390687039920263,
    1.4895195279802596,
    1.676496488707406,
    1.2855244534356254,
    1.263258934020996,
    1.2454070619174413,
    1.456504532269069,
    1.1942212751933508,
    1.26433231149401,
    1.3250674264771598,
    1.1708971176828658,
    1.1661054832594735,
    1.2533419047083174,
    1.219429416315896,
    1.3590918609074183,
    1.2752673540796553,
    1.474822495664869,
    1.4113781111580985,
    1.3349108440535409,
    1.3084134459495544,
    1.2905664018222265,
    1.2604433298110962,
    1.2622797574315752,
    1.0645993777683802,
    1.1726045863968986,
    1.3973295433180672,
    1.1815647738320487,
    1.096240758895874,
    1.3843892812728882,
    1.19488206080028,
    1.2247202055794852,
    1.2077874881880624,
    1.35545015335083,
    0.9793758477483477,
    1.1929606284414018,
    1.3817269546645028,
    1.072464678968702,
    1.317205011844635,
    1.2350085292543684,
    1.1805975777762276,
    1.2152856247765678,
    1.111056285245078,
    1.2571310997009277,
    1.1946146828787667,
    1.1118917294910975,
    1.1897485426494054,
    1.1902446831975664,
    1.1984247011797768,
    1.1686587844576155,
    1.431519865989685,
    1.2937712328774589,
    0.9970931112766266,
    1.1778843573161535,
    1.1753135493823461,
    1.2238241689545768,
    1.3738747494561332,
    1.0985025593212672,
    1.1863106404032027,
    1.1526366983141219,
    1.222720205783844,
    1.2111921225275313,
    1.222274627004351,
    1.1474495019231523,
    1.181244160447802,
    1.1546860252107893,
    1.2913415431976318,
    1.1506464225905282,
    1.2368942414011275,
    1.1361824529511588,
    1.2140054106712341,
    1.1730680465698242,
    1.1747710789952959,
    1.162982898099082,
    1.2359961782182967,
    1.1300585780824934,
    1.165768827710833,
    1.19239376272474,
    1.1922682523727417,
    1.2342201045581274,
    1.2723960280418396,
    1.2002746633120946,
    1.0923181687082564
  ],
  "val_loss": [
    106401091882.94463,
    106399581807.32248,
    106397629254.04561,
    106395205368.49512,
    106392265939.38762,
    106388783595.57004,
    106386474483.07492,
    106387569572.69055,
    106387590092.71661,
    106387180108.29967,
    106386493508.37785,
    106386621595.51791,
    106386636748.71661,
    106387011330.08469,
    106387123773.70683,
    106387048668.56026,
    106386878741.68079,
    106386940566.09772,
    106387083877.7329,
    106386735565.96742,
    106386863149.86319,
    106387014437.1075,
    106386733145.22476,
    106387009009.8241,
    106386841145.53746,
    106386897581.02931,
    106386828734.95766,
    106386936852.01303,
    106386880878.4886,
    106386863116.50815,
    106387011664.05212,
    106386828789.99348,
    106387086433.56352,
    106386828792.07817,
    106386846915.9609,
    106387033697.14658,
    106386958303.06189,
    106386878428.14333,
    106386935648.72964,
    106386952681.90228,
    106386903210.94463,
    106386935562.8404,
    106386994361.95439,
    106386878426.47557,
    106386918707.28339,
    106386902826.5277,
    106386915822.4886,
    106387030349.96742,
    106386881311.6873,
    106386902839.03583,
    106386921434.05864,
    106386844308.01303,
    106386883970.91856,
    106386881250.81433,
    106386900522.94463,
    106386897916.24756,
    106386884233.58957,
    106386974603.25732,
    106386843615.47882,
    106386902936.59935,
    106386957994.5277,
    106386935642.05864,
    106386881250.81433,
    106386938110.33224,
    106386977535.16612,
    106386974603.25732,
    106386937720.07817,
    106386935571.59608,
    106386900807.71335,
    106386919054.1759,
    106386938160.78175,
    106386972154.99675,
    106386958021.21173,
    106386971961.95439,
    106386952681.90228,
    106386940783.73941,
    106386958303.06189,
    106386938110.33224,
    106386916048.05212,
    106386900446.64496,
    106386902839.03583,
    106386902826.5277,
    106386903157.1596,
    106386918491.30945,
    106386921512.443,
    106386940594.44951,
    106386957931.15309,
    106386958298.05864,
    106386958303.06189,
    106386955423.6873,
    106386955529.58957,
    106386955900.66449,
    106386953125.1075,
    106386935268.06514,
    106386918987.04886,
    106386918658.50163,
    106386902849.04234,
    106386900522.94463,
    106386900815.21825,
    106386902916.58632
  ],
  "learning_rate": [
    0.001,
    0.001,
    0.001,
    0.001,
    0.001,
    0.001,
    0.001,
    0.001,
    0.001,
    0.001,
    0.001,
    0.001,
    0.001,
    0.001,
    0.001,
    0.001,
    0.0005,
    0.0005,
    0.0005,
    0.0005,
    0.0005,
    0.0005,
    0.0005,
    0.0005,
    0.0005,
    0.0005,
    0.0005,
    0.00025,
    0.00025,
    0.00025,
    0.00025,
    0.00025,
    0.00025,
    0.00025,
    0.00025,
    0.00025,
    0.00025,
    0.00025,
    0.000125,
    0.000125,
    0.000125,
    0.000125,
    0.000125,
    0.000125,
    0.000125,
    0.000125,
    0.000125,
    0.000125,
    0.000125,
    6.25e-05,
    6.25e-05,
    6.25e-05,
    6.25e-05,
    6.25e-05,
    6.25e-05,
    6.25e-05,
    6.25e-05,
    6.25e-05,
    6.25e-05,
    6.25e-05,
    3.125e-05,
    3.125e-05,
    3.125e-05,
    3.125e-05,
    3.125e-05,
    3.125e-05,
    3.125e-05,
    3.125e-05,
    3.125e-05,
    3.125e-05,
    3.125e-05,
    1.5625e-05,
    1.5625e-05,
    1.5625e-05,
    1.5625e-05,
    1.5625e-05,
    1.5625e-05,
    1.5625e-05,
    1.5625e-05,
    1.5625e-05,
    1.5625e-05,
    1.5625e-05,
    7.8125e-06,
    7.8125e-06,
    7.8125e-06,
    7.8125e-06,
    7.8125e-06,
    7.8125e-06,
    7.8125e-06,
    7.8125e-06,
    7.8125e-06,
    7.8125e-06,
    7.8125e-06,
    3.90625e-06,
    3.90625e-06,
    3.90625e-06,
    3.90625e-06,
    3.90625e-06,
    3.90625e-06,
    3.90625e-06
  ]
}