{
  "best_val_loss": 0.07657877897533277,
  "lambda_mean": 9.845130771365026e-08,
  "lambda_std": 9.525604753190899e-08,
  "lambda_min": 7.546407942982114e-09,
  "lambda_max": 2.9129606105016137e-07,
  "lambda_median": 5.865642371816193e-08,
  "corr_lambda_P": -0.6550561612177044,
  "corr_lambda_D": -0.36671763638233895
}