{
  "n_early_train": 140,
  "n_early_val": 30,
  "n_late_test": 30,
  "split_strategy": "Train: D11->D30, Test: D30->D52",
  "val_mae": 0.11679085685561101,
  "val_mae_P": 0.09752699211239815,
  "val_mae_D": 0.13605472159882387,
  "test_late_mae": 0.09758406107624372,
  "test_late_mae_P": 0.10176877578099569,
  "test_late_mae_D": 0.09339934637149175,
  "degradation_pct": -16.445461825074826
}