{
  "train_loss": [
    0.6010992288589477,
    0.5656664716345924,
    0.5711641567093986,
    0.564255565404892,
    0.5658376766102654,
    0.5625871786049434,
    0.557057558638709,
    0.5625564583710262,
    0.5634410351514816,
    0.5620939144066401,
    0.5582991148744311,
    0.5600866722209114,
    0.5561665764876774,
    0.5629995822906494,
    0.5636631028992789,
    0.557036993759019,
    0.5609071280275072,
    0.5581463239022664,
    0.5602604074137552,
    0.5573734453746251,
    0.5544694828135627,
    0.5564449395452227,
    0.5545952375446047,
    0.5584370510918754,
    0.5532754600048065,
    0.5568920799664089,
    0.5544010204928261,
    0.5542481882231576,
    0.557732811995915,
    0.5570306147847857,
    0.5523464143276214,
    0.5523324315037046,
    0.5546662381717137,
    0.5505051080669675,
    0.5539205627782005,
    0.5571371555328369,
    0.5564197229487555,
    0.5523947698729379,
    0.5544886640139989,
    0.5558113255671092,
    0.5545281380414963,
    0.5566044990505491,
    0.553684629712786,
    0.5528060248919896,
    0.5549554275614875,
    0.5525996646710805,
    0.5499594075339181,
    0.5510051625115531,
    0.5528024222169604,
    0.5492292736257826,
    0.5495619637625558,
    0.5532035112380982,
    0.549278416803905,
    0.5506258368492126,
    0.551155190382685,
    0.5507959174258369,
    0.5501712335007531,
    0.5525627034051078,
    0.5511007091828755,
    0.5492021816117423,
    0.5484802105597087,
    0.5505290086780276,
    0.5486043751239776,
    0.5511709851878029,
    0.5523656619446619,
    0.5508194983005523,
    0.5507312463862556,
    0.5512089201382229,
    0.5514318832329341,
    0.5504299070153917,
    0.5513470040900367,
    0.5501043958323343,
    0.5510949764932905,
    0.5499994086367743,
    0.5489061666386468,
    0.5503119673047747,
    0.5493367169584547,
    0.5502932633672442,
    0.5483824278627123,
    0.5489266476460866,
    0.5488918210778918,
    0.5480568200349808,
    0.5510448506900243,
    0.5486803097384316,
    0.5473975956439971,
    0.5514437930924552,
    0.5481386776481356,
    0.5498756370374135,
    0.5493475177458355,
    0.5506201020308903,
    0.5480635276862553,
    0.5504955104419164,
    0.5486434110573359,
    0.5516320190259388,
    0.5481258226292474,
    0.5472977910723005,
    0.5499045393296651,
    0.547626040663038,
    0.5486969858407974,
    0.5499624622719629
  ],
  "val_loss": [
    0.5273647494614124,
    0.5434304550290108,
    0.5423263236880302,
    0.5256507694721222,
    0.5514254942536354,
    0.5292918011546135,
    0.5215569362044334,
    0.6125968992710114,
    0.5206296406686306,
    0.5635856576263905,
    0.5219844542443752,
    0.5387537218630314,
    0.5379639826714993,
    0.5436433777213097,
    0.5238375999033451,
    0.5243546664714813,
    0.5302823968231678,
    0.5332884751260281,
    0.5259726271033287,
    0.5249846838414669,
    0.5228966325521469,
    0.5260610468685627,
    0.5218505300581455,
    0.5204022340476513,
    0.5220058895647526,
    0.5210030116140842,
    0.5225865915417671,
    0.5203642137348652,
    0.5258625112473965,
    0.5223962031304836,
    0.5210037231445312,
    0.5231034569442272,
    0.5251823142170906,
    0.5175883546471596,
    0.5215059332549572,
    0.52238804474473,
    0.519580002874136,
    0.5307511612772942,
    0.5182815752923489,
    0.5232584662735462,
    0.5287460796535015,
    0.5297839678823948,
    0.5253243744373322,
    0.5258920937776566,
    0.527109831571579,
    0.5308961495757103,
    0.5261086374521255,
    0.5274844765663147,
    0.5252133831381798,
    0.5268309153616428,
    0.5333536304533482,
    0.5259064920246601,
    0.528034869581461,
    0.5273936986923218,
    0.5285271182656288,
    0.5292455516755581,
    0.5276749096810818,
    0.5271163359284401,
    0.5291482843458652,
    0.5280993990600109,
    0.5280978307127953,
    0.528190229088068,
    0.5291446559131145,
    0.5298263728618622,
    0.5298997052013874,
    0.5305070802569389,
    0.5279533490538597,
    0.5292831361293793,
    0.5291769877076149,
    0.5294412411749363,
    0.5288320668041706,
    0.529137771576643,
    0.5307811088860035,
    0.5302172340452671,
    0.5301833152770996,
    0.5278382301330566,
    0.5290087312459946,
    0.5280499830842018,
    0.5283533222973347,
    0.5290448479354382,
    0.529020894318819,
    0.5305685736238956,
    0.5291534885764122,
    0.5297004617750645,
    0.5297879576683044,
    0.5296853631734848,
    0.5312090888619423,
    0.5303776450455189,
    0.5304366499185562,
    0.5297679156064987,
    0.5303777828812599,
    0.5305124968290329,
    0.5311062037944794,
    0.5305856503546238,
    0.5308117084205151,
    0.53084996342659,
    0.5311261527240276,
    0.5313628017902374,
    0.5312434323132038,
    0.5311125293374062
  ],
  "learning_rate": [
    0.001,
    0.001,
    0.001,
    0.001,
    0.001,
    0.001,
    0.001,
    0.001,
    0.001,
    0.001,
    0.001,
    0.001,
    0.001,
    0.001,
    0.001,
    0.001,
    0.001,
    0.001,
    0.001,
    0.0005,
    0.0005,
    0.0005,
    0.0005,
    0.0005,
    0.0005,
    0.0005,
    0.0005,
    0.0005,
    0.0005,
    0.0005,
    0.0005,
    0.0005,
    0.0005,
    0.0005,
    0.0005,
    0.0005,
    0.0005,
    0.0005,
    0.0005,
    0.0005,
    0.0005,
    0.0005,
    0.0005,
    0.0005,
    0.00025,
    0.00025,
    0.00025,
    0.00025,
    0.00025,
    0.00025,
    0.00025,
    0.00025,
    0.00025,
    0.00025,
    0.00025,
    0.000125,
    0.000125,
    0.000125,
    0.000125,
    0.000125,
    0.000125,
    0.000125,
    0.000125,
    0.000125,
    0.000125,
    0.000125,
    6.25e-05,
    6.25e-05,
    6.25e-05,
    6.25e-05,
    6.25e-05,
    6.25e-05,
    6.25e-05,
    6.25e-05,
    6.25e-05,
    6.25e-05,
    6.25e-05,
    3.125e-05,
    3.125e-05,
    3.125e-05,
    3.125e-05,
    3.125e-05,
    3.125e-05,
    3.125e-05,
    3.125e-05,
    3.125e-05,
    3.125e-05,
    3.125e-05,
    1.5625e-05,
    1.5625e-05,
    1.5625e-05,
    1.5625e-05,
    1.5625e-05,
    1.5625e-05,
    1.5625e-05,
    1.5625e-05,
    1.5625e-05,
    1.5625e-05,
    1.5625e-05,
    7.8125e-06
  ]
}